SNO,NAME OF COMPANY,SYMBOL
1,Nifty,^NSEI
2,Gold,GC=F
3,20 Microns Limited,20MICRONS
4,21st Century Management Services Limited,21STCENMGM
5,3i Infotech Limited,3IINFOTECH
6,3M India Limited,3MINDIA
7,3P Land Holdings Limited,3PLAND
8,5Paisa Capital Limited,5PAISA
9,63 moons technologies limited,63MOONS
10,A2Z Infra Engineering Limited,A2ZINFRA
11,Aarti Drugs Limited,AARTIDRUGS
12,Aarti Industries Limited,AARTIIND
13,Aarvee Denims & Exports Limited,AARVEEDEN
14,Aavas Financiers Limited,AAVAS
15,Aban Offshore Limited,ABAN
16,ABB India Limited,ABB
17,Abbott India Limited,ABBOTINDIA
18,Aditya Birla Capital Limited,ABCAPITAL
19,Aditya Birla Fashion and Retail Limited,ABFRL
20,ABM International Limited,ABMINTLTD
21,ACC Limited,ACC
22,Accelya Solutions India Limited,ACCELYA
23,Action Construction Equipment Limited,ACE
24,Adani Enterprises Limited,ADANIENT
25,Adani Gas Limited,ADANIGAS
26,Adani Green Energy Limited,ADANIGREEN
27,Adani Ports and Special Economic Zone Limited,ADANIPORTS
28,Adani Power Limited,ADANIPOWER
29,Adani Transmission Limited,ADANITRANS
30,ADF Foods Limited,ADFFOODS
31,Adhunik Metaliks Limited,ADHUNIK
32,Adhunik Industries Limited,ADHUNIKIND
33,Adlabs Entertainment Limited,ADLABS
34,Ador Welding Limited,ADORWELD
35,Adroit Infotech Limited,ADROITINFO
36,Allied Digital Services Limited,ADSL
37,Advani Hotels & Resorts (India) Limited,ADVANIHOTR
38,Advanced Enzyme Technologies Limited,ADVENZYMES
39,Aegis Logistics Limited,AEGISCHEM
40,Affle (India) Limited,AFFLE
41,Agarwal Industrial Corporation Limited,AGARIND
42,AGC Networks Limited,AGCNET
43,Agri-Tech (India) Limited,AGRITECH
44,Agro Phos India Limited,AGROPHOS
45,Asian Hotels (East) Limited,AHLEAST
46,Ahluwalia Contracts (India) Limited,AHLUCONT
47,Asian Hotels (West) Limited,AHLWEST
48,AIA Engineering Limited,AIAENG
49,Monnet Ispat & Energy Limited,AIONJSW
50,Airan Limited,AIRAN
51,Ajanta Pharma Limited,AJANTPHARM
52,Ajmera Realty & Infra India Limited,AJMERA
53,Akash Infra-Projects Limited,AKASH
54,AksharChem India Limited,AKSHARCHEM
55,Aksh Optifibre Limited,AKSHOPTFBR
56,Akzo Nobel India Limited,AKZOINDIA
57,Alankit Limited,ALANKIT
58,Albert David Limited,ALBERTDAVD
59,Allahabad Bank,ALBK
60,Alchemist Limited,ALCHEM
61,Alembic Limited,ALEMBICLTD
62,Alicon Castalloy Limited,ALICON
63,Alkali Metals Limited,ALKALI
64,Alkem Laboratories Limited,ALKEM
65,Alkyl Amines Chemicals Limited,ALKYLAMINE
66,Allcargo Logistics Limited,ALLCARGO
67,Allsec Technologies Limited,ALLSEC
68,Almondz Global Securities Limited,ALMONDZ
69,Alok Industries Limited,ALOKTEXT
70,Alpa Laboratories Limited,ALPA
71,Alphageo (India) Limited,ALPHAGEO
72,Alps Industries Limited,ALPSINDUS
73,Amara Raja Batteries Limited,AMARAJABAT
74,Amber Enterprises India Limited,AMBER
75,Ambika Cotton Mills Limited,AMBIKCO
76,Ambuja Cements Limited,AMBUJACEM
77,AMD Industries Limited,AMDIND
78,Amj Land Holdings Limited,AMJLAND
79,Amrutanjan Health Care Limited,AMRUTANJAN
80,Anant Raj Limited,ANANTRAJ
81,Andhra Bank,ANDHRABANK
82,Andhra Cements Limited,ANDHRACEMT
83,The Andhra Sugars Limited,ANDHRSUGAR
84,Anik Industries Limited,ANIKINDS
85,Ankit Metal & Power Limited,ANKITMETAL
86,Ansal Properties & Infrastructure Limited,ANSALAPI
87,Ansal Housing Limited,ANSALHSG
88,Antarctica Limited,ANTGRAPHIC
89,The Anup Engineering Limited,ANUP
90,Apar Industries Limited,APARINDS
91,Anjani Portland Cement Limited,APCL
92,Apcotex Industries Limited,APCOTEXIND
93,Apex Frozen Foods Limited,APEX
94,APL Apollo Tubes Limited,APLAPOLLO
95,Alembic Pharmaceuticals Limited,APLLTD
96,Apollo Micro Systems Limited,APOLLO
97,Apollo Hospitals Enterprise Limited,APOLLOHOSP
98,Apollo Pipes Limited,APOLLOPIPE
99,Apollo Tyres Limited,APOLLOTYRE
100,Apollo Sindoori Hotels Limited,APOLSINHOT
101,Aptech Limited,APTECHT
102,Archidply Industries Limited,ARCHIDPLY
103,Archies Limited,ARCHIES
104,Arcotech Limited,ARCOTECH
105,Rajdarshan Industries Limited,ARENTERP
106,Aries Agro Limited,ARIES
107,Arihant Foundations & Housing Limited,ARIHANT
108,Arihant Superstructures Limited,ARIHANTSUP
109,Arman Financial Services Limited,ARMANFIN
110,Aro Granite Industries Limited,AROGRANITE
111,Arrow Greentech Limited,ARROWGREEN
112,Arrow Textiles Limited,ARROWTEX
113,Arshiya Limited,ARSHIYA
114,ARSS Infrastructure Projects Limited,ARSSINFRA
115,Arvind Limited,ARVIND
116,Arvind Fashions Limited,ARVINDFASN
117,Arvind SmartSpaces Limited,ARVSMART
118,Asahi India Glass Limited,ASAHIINDIA
119,Asahi Songwon Colors Limited,ASAHISONG
120,Automotive Stampings and Assemblies Limited,ASAL
121,Ashapura Minechem Limited,ASHAPURMIN
122,Ashiana Housing Limited,ASHIANA
123,Ashima Limited,ASHIMASYN
124,Ashoka Buildcon Limited,ASHOKA
125,Ashok Leyland Limited,ASHOKLEY
126,Asian Hotels (North) Limited,ASIANHOTNR
127,Asian Paints Limited,ASIANPAINT
128,Asian Granito India Limited,ASIANTILES
129,Aspinwall and Company Limited,ASPINWALL
130,Astec LifeSciences Limited,ASTEC
131,Aster DM Healthcare Limited,ASTERDM
132,Astral Poly Technik Limited,ASTRAL
133,Astra Microwave Products Limited,ASTRAMICRO
134,AstraZeneca Pharma India Limited,ASTRAZEN
135,Astron Paper & Board Mill Limited,ASTRON
136,Agro Tech Foods Limited,ATFL
137,Atlanta Limited,ATLANTA
138,Atlas Cycles (Haryana) Limited,ATLASCYCLE
139,Atul Limited,ATUL
140,Atul Auto Limited,ATULAUTO
141,AU Small Finance Bank Limited,AUBANK
142,Aurionpro Solutions Limited,AURIONPRO
143,Aurobindo Pharma Limited,AUROPHARMA
144,Ausom Enterprise Limited,AUSOMENT
145,Automotive Axles Limited,AUTOAXLES
146,Autoline Industries Limited,AUTOIND
147,Autolite (India) Limited,AUTOLITIND
148,Avadh Sugar & Energy Limited,AVADHSUGAR
149,Avanti Feeds Limited,AVANTIFEED
150,AVT Natural Products Limited,AVTNPL
151,Axis Bank Limited,AXISBANK
152,AXISCADES Engineering Technologies Limited,AXISCADES
153,AYM Syntex Limited,AYMSYNTEX
154,B.A.G Films and Media Limited,BAGFILMS
155,Bajaj Auto Limited,BAJAJ-AUTO
156,Bajaj Consumer Care Limited,BAJAJCON
157,Bajaj Electricals Limited,BAJAJELEC
158,Bajaj Finserv Limited,BAJAJFINSV
159,Bajaj Hindusthan Sugar Limited,BAJAJHIND
160,Bajaj Holdings & Investment Limited,BAJAJHLDNG
161,Bajaj Finance Limited,BAJFINANCE
162,Balaji Telefilms Limited,BALAJITELE
163,Balaji Amines Limited,BALAMINES
164,Balaxi Ventures Limited,BALAXI
165,Balkrishna Paper Mills Limited,BALKRISHNA
166,Balkrishna Industries Limited,BALKRISIND
167,Ballarpur Industries Limited,BALLARPUR
168,Balmer Lawrie & Company Limited,BALMLAWRIE
169,Bal Pharma Limited,BALPHARMA
170,Balrampur Chini Mills Limited,BALRAMCHIN
171,Banaras Beads Limited,BANARBEADS
172,Bannari Amman Sugars Limited,BANARISUG
173,Banco Products (I) Limited,BANCOINDIA
174,Bandhan Bank Limited,BANDHANBNK
175,Bang Overseas Limited,BANG
176,Bank of Baroda,BANKBARODA
177,Bank of India,BANKINDIA
178,Banswara Syntex Limited,BANSWRAS
179,Bartronics India Limited,BARTRONICS
180,BASF India Limited,BASF
181,Bannari Amman Spinning Mills Limited,BASML
182,Bata India Limited,BATAINDIA
183,Bayer Cropscience Limited,BAYERCROP
184,Bharat Bijlee Limited,BBL
185,Bombay Burmah Trading Corporation Limited,BBTC
186,Brightcom Group Limited,BCG
187,B.C. Power Controls Ltd,BCP
188,Bharat Dynamics Limited,BDL
189,Beardsell Limited,BEARDSELL
190,Bedmutha Industries Limited,BEDMUTHA
191,Bharat Electronics Limited,BEL
192,BEML Limited,BEML
193,Bhansali Engineering Polymers Limited,BEPL
194,Berger Paints (I) Limited,BERGEPAINT
195,BF Investment Limited,BFINVEST
196,BF Utilities Limited,BFUTILITIE
197,Bharatiya Global Infomedia Limited,BGLOBAL
198,BGR Energy Systems Limited,BGRENERGY
199,Bhageria Industries Limited,BHAGERIA
200,Bhagyanagar India Limited,BHAGYANGR
201,Bhagyanagar Properties Limited,BHAGYAPROP
202,Bhandari Hosiery Exports Limited,BHANDARI
203,Bharat Forge Limited,BHARATFORG
204,Bharat Gears Limited,BHARATGEAR
205,Bharat Rasayan Limited,BHARATRAS
206,Bharat Wire Ropes Limited,BHARATWIRE
207,Bharti Airtel Limited,BHARTIARTL
208,Bharat Heavy Electricals Limited,BHEL
209,Bigbloc Construction Limited,BIGBLOC
210,Bhartiya International Limited,BIL
211,Bil Energy Systems Limited,BILENERGY
212,Oswal Chemicals & Fertilizers Limited,BINDALAGRO
213,Biocon Limited,BIOCON
214,Biofil Chemicals & Pharmaceuticals Limited,BIOFILCHEM
215,Birla Cable Limited,BIRLACABLE
216,Birla Corporation Limited,BIRLACORPN
217,Aditya Birla Money Limited,BIRLAMONEY
218,Bkm Industries Limited,BKMINDST
219,BLB Limited,BLBLIMITED
220,Bliss GVS Pharma Limited,BLISSGVS
221,B. L. Kashyap and Sons Limited,BLKASHYAP
222,BLS International Services Limited,BLS
223,Blue Blends (I) Limited,BLUEBLENDS
224,Blue Coast Hotels Limited,BLUECOAST
225,Blue Dart Express Limited,BLUEDART
226,Blue Star Limited,BLUESTARCO
227,Bodal Chemicals Limited,BODALCHEM
228,Bombay Dyeing & Mfg Company Limited,BOMDYEING
229,Borosil Glass Works Limited,BOROSIL
230,Bosch Limited,BOSCHLTD
231,Bharat Petroleum Corporation Limited,BPCL
232,BPL Limited,BPL
233,Bombay Rayon Fashions Limited,BRFL
234,Brigade Enterprises Limited,BRIGADE
235,Britannia Industries Limited,BRITANNIA
236,Bharat Road Network Limited,BRNL
237,Brooks Laboratories Limited,BROOKS
238,BSE Limited,BSE
239,BSEL Infrastructure Realty Limited,BSELINFRA
240,BSL Limited,BSL
241,BIRLASOFT LIMITED,BSOFT
242,Burnpur Cement Limited,BURNPUR
243,Butterfly Gandhimathi Appliances Limited,BUTTERFLY
244,Barak Valley Cements Limited,BVCL
245,The Byke Hospitality Ltd,BYKE
246,Cadila Healthcare Limited,CADILAHC
247,California Software Company Limited,CALSOFT
248,Camlin Fine Sciences Limited,CAMLINFINE
249,Canara Bank,CANBK
250,C & C Constructions Limited,CANDC
251,Can Fin Homes Limited,CANFINHOME
252,Cantabil Retail India Limited,CANTABIL
253,Capacit’e Infraprojects Limited,CAPACITE
254,Caplin Point Laboratories Limited,CAPLIPOINT
255,Capital Trust Limited,CAPTRUST
256,Carborundum Universal Limited,CARBORUNIV
257,Career Point Limited,CAREERP
258,CARE Ratings Limited,CARERATING
259,Castex Technologies Limited,CASTEXTECH
260,Castrol India Limited,CASTROLIND
261,Country Club Hospitality & Holidays Limited,CCHHL
262,CCL Products (India) Limited,CCL
263,Central Depository Services (India) Limited,CDSL
264,CEAT Limited,CEATLTD
265,Commercial Engineers & Body Builders Co Limited,CEBBCO
266,Celebrity Fashions Limited,CELEBRITY
267,Celestial Biolabs Limited,CELESTIAL
268,Century Enka Limited,CENTENKA
269,Century Extrusions Limited,CENTEXT
270,Central Bank of India,CENTRALBK
271,Centrum Capital Limited,CENTRUM
272,Centum Electronics Limited,CENTUM
273,Century Plyboards (India) Limited,CENTURYPLY
274,Century Textiles & Industries Limited,CENTURYTEX
275,Cera Sanitaryware Limited,CERA
276,Cerebra Integrated Technologies Limited,CEREBRAINT
277,CESC Limited,CESC
278,CESC Ventures Limited,CESCVENT
279,Capri Global Capital Limited,CGCL
280,CG Power and Industrial Solutions Limited,CGPOWER
281,Chalet Hotels Limited,CHALET
282,Chambal Fertilizers & Chemicals Limited,CHAMBLFERT
283,Chemfab Alkalis Limited,CHEMFAB
284,Chennai Petroleum Corporation Limited,CHENNPETRO
285,Cholamandalam Investment and Finance Company Limited,CHOLAFIN
286,Cholamandalam Financial Holdings Limited,CHOLAHLDNG
287,Chromatic India Limited,CHROMATIC
288,Cigniti Technologies Limited,CIGNITITEC
289,Cimmco Limited,CIMMCO
290,Cineline India Limited,CINELINE
291,Cinevista Limited,CINEVISTA
292,Cipla Limited,CIPLA
293,Cox & Kings Financial Service Limited,CKFSL
294,CL Educate Limited,CLEDUCATE
295,Clariant Chemicals (India) Limited,CLNINDIA
296,CMI Limited,CMICABLES
297,CIL Nova Petrochemicals Limited,CNOVAPETRO
298,Coal India Limited,COALINDIA
299,Cochin Shipyard Limited,COCHINSHIP
300,Coffee Day Enterprises Limited,COFFEEDAY
301,Colgate Palmolive (India) Limited,COLPAL
302,Compuage Infocom Limited,COMPINFO
303,Compucom Software Limited,COMPUSOFT
304,Container Corporation of India Limited,CONCOR
305,Confidence Petroleum India Limited,CONFIPET
306,Consolidated Finvest & Holdings Limited,CONSOFINVT
307,Control Print Limited,CONTROLPR
308,Coral India Finance & Housing Limited,CORALFINAC
309,Cords Cable Industries Limited,CORDSCABLE
310,Coromandel International Limited,COROMANDEL
311,Corporation Bank,CORPBANK
312,Cosmo Films Limited,COSMOFILMS
313,Country Condo’s Limited,COUNCODOS
314,Cox & Kings Limited,COX&KINGS
315,Creative Peripherals and Distribution Limited,CREATIVE
316,Creative Eye Limited,CREATIVEYE
317,CREDITACCESS GRAMEEN LIMITED,CREDITACC
318,Crest Ventures Limited,CREST
319,CRISIL Limited,CRISIL
320,Crompton Greaves Consumer Electricals Limited,CROMPTON
321,Cambridge Technology Enterprises Limited,CTE
322,City Union Bank Limited,CUB
323,Cubex Tubings Limited,CUBEXTUB
324,Cummins India Limited,CUMMINSIND
325,Cupid Limited,CUPID
326,Cura Technologies Limited,CURATECH
327,Cyber Media (India) Limited,CYBERMEDIA
328,Cybertech Systems And Software Limited,CYBERTECH
329,Cyient Limited,CYIENT
330,LT Foods Limited,DAAWAT
331,Dabur India Limited,DABUR
332,Dalmia Bharat Limited,DALBHARAT
333,Dalmia Bharat Sugar and Industries Limited,DALMIASUG
334,Damodar Industries Limited,DAMODARIND
335,Datamatics Global Services Limited,DATAMATICS
336,D.B.Corp Limited,DBCORP
337,Dilip Buildcon Limited,DBL
338,D B Realty Limited,DBREALTY
339,DB (International) Stock Brokers Limited,DBSTOCKBRO
340,Dishman Carbogen Amcis Limited,DCAL
341,DCB Bank Limited,DCBBANK
342,DCM Limited,DCM
343,DCM Financial Services Limited,DCMFINSERV
344,DCM Nouvelle Limited,DCMNVL
345,DCM Shriram Limited,DCMSHRIRAM
346,DCW Limited,DCW
347,Deccan Cements Limited,DECCANCE
348,Deepak Fertilizers and Petrochemicals Corporation Limited,DEEPAKFERT
349,Deepak Nitrite Limited,DEEPAKNTR
350,Deep Industries Limited,DEEPIND
351,Delta Corp Limited,DELTACORP
352,Delta Magnets Limited,DELTAMAGNT
353,Den Networks Limited,DEN
354,De Nora India Limited,DENORA
355,DFM Foods Limited,DFMFOODS
356,Digicontent Limited,DGCONTENT
357,Dhampur Sugar Mills Limited,DHAMPURSUG
358,Dhanlaxmi Bank Limited,DHANBANK
359,Dhanuka Agritech Limited,DHANUKA
360,Dharani Sugars & Chemicals Limited,DHARSUGAR
361,Dewan Housing Finance Corporation Limited,DHFL
362,Dhunseri Investments Limited,DHUNINV
363,Prataap Snacks Limited,DIAMONDYD
364,Diamond Power Infra Ltd,DIAPOWER
365,DIC India Limited,DICIND
366,DiGiSPICE Technologies Limited,DIGISPICE
367,Digjam Limited,DIGJAMLTD
368,Dish TV India Limited,DISHTV
369,Divi’s Laboratories Limited,DIVISLAB
370,Dixon Technologies (India) Limited,DIXON
371,DLF Limited,DLF
372,D-Link (India) Limited,DLINKINDIA
373,Avenue Supermarts Limited,DMART
374,Diligent Media Corporation Limited,DNAMEDIA
375,Dolat Investments Limited,DOLAT
376,Dollar Industries Limited,DOLLAR
377,Donear Industries Limited,DONEAR
378,DPSC Limited,DPSCLTD
379,DQ Entertainment (International) Limited,DQE
380,Dredging Corporation of India Limited,DREDGECORP
381,Dr. Reddy’s Laboratories Limited,DRREDDY
382,Dynacons Systems & Solutions Limited,DSSL
383,Dhunseri Tea & Industries Limited,DTIL
384,Ducon Infratechnologies Limited,DUCON
385,Dhunseri Ventures Limited,DVL
386,Dwarikesh Sugar Industries Limited,DWARKESH
387,Dynamatic Technologies Limited,DYNAMATECH
388,Dynemic Products Limited,DYNPRO
389,Eastern Silk Industries Limited,EASTSILK
390,Easun Reyrolle Limited,EASUNREYRL
391,eClerx Services Limited,ECLERX
392,Edelweiss Financial Services Limited,EDELWEISS
393,Empee Distilleries Limited,EDL
394,Educomp Solutions Limited,EDUCOMP
395,Eicher Motors Limited,EICHERMOT
396,EID Parry India Limited,EIDPARRY
397,EIH Associated Hotels Limited,EIHAHOTELS
398,EIH Limited,EIHOTEL
399,Eimco Elecon (India) Limited,EIMCOELECO
400,Everest Kanto Cylinder Limited,EKC
401,Elecon Engineering Company Limited,ELECON
402,Electrosteel Castings Limited,ELECTCAST
403,Electrotherm (India) Limited,ELECTHERM
404,Elgi Equipments Limited,ELGIEQUIP
405,Elgi Rubber Company Limited,ELGIRUBCO
406,Emami Limited,EMAMILTD
407,Emami Paper Mills Limited,EMAMIPAP
408,Emami Realty Limited,EMAMIREAL
409,Emco Limited,EMCO
410,Emkay Global Financial Services Limited,EMKAY
411,Emmbi Industries Limited,EMMBI
412,Endurance Technologies Limited,ENDURANCE
413,Energy Development Company Limited,ENERGYDEV
414,Engineers India Limited,ENGINERSIN
415,Entertainment Network (India) Limited,ENIL
416,Eon Electric Limited,EON
417,Equitas Holdings Limited,EQUITAS
418,Eris Lifesciences Limited,ERIS
419,Eros International Media Limited,EROSMEDIA
420,Esab India Limited,ESABINDIA
421,Escorts Limited,ESCORTS
422,Essar Shipping Limited,ESSARSHPNG
423,Essel Propack Limited,ESSELPACK
424,Ester Industries Limited,ESTER
425,Euro Ceramics Limited,EUROCERA
426,Euro Multivision Limited,EUROMULTI
427,Eurotex Industries and Exports Limited,EUROTEXIND
428,Eveready Industries India Limited,EVEREADY
429,Everest Industries Limited,EVERESTIND
430,Excel Realty N Infra Limited,EXCEL
431,Excel Industries Limited,EXCELINDUS
432,Exide Industries Limited,EXIDEIND
433,Expleo Solutions Limited,EXPLEOSOL
434,Fertilizers and Chemicals Travancore Limited,FACT
435,Fairchem Speciality Limited,FAIRCHEM
436,Fineotex Chemical Limited,FCL
437,Future Consumer Limited,FCONSUMER
438,FCS Software Solutions Limited,FCSSOFT
439,FDC Limited,FDC
440,The Federal Bank Limited,FEDERALBNK
441,Future Enterprises Limited,FEL
442,Future Enterprises Limited,FELDVR
443,Fiem Industries Limited,FIEMIND
444,Filatex India Limited,FILATEX
445,Finolex Cables Limited,FINCABLES
446,Fine Organic Industries Limited,FINEORG
447,Finolex Industries Limited,FINPIPE
448,Flexituff Ventures International Limited,FLEXITUFF
449,Future Lifestyle Fashions Limited,FLFL
450,Gujarat Fluorochemicals Limited,FLUOROCHEM
451,Federal-Mogul Goetze (India) Limited.,FMGOETZE
452,Future Market Networks Limited,FMNL
453,FORCE MOTORS LTD,FORCEMOT
454,Fortis Healthcare Limited,FORTIS
455,Foseco India Limited,FOSECOIND
456,Future Retail Limited,FRETAIL
457,Future Supply Chain Solutions Limited,FSC
458,Firstsource Solutions Limited,FSL
459,Gabriel India Limited,GABRIEL
460,Gujarat Ambuja Exports Limited,GAEL
461,GAIL (India) Limited,GAIL
462,Gyscoal Alloys Limited,GAL
463,Galaxy Surfactants Limited,GALAXYSURF
464,Gallantt Metal Limited,GALLANTT
465,Gallantt Ispat Limited,GALLISPAT
466,Gammon Infrastructure Projects Limited,GAMMNINFRA
467,Gandhi Special Tubes Limited,GANDHITUBE
468,Ganesha Ecosphere Limited,GANECOS
469,Ganesh Housing Corporation Limited,GANESHHOUC
470,Ganges Securities Limited,GANGESSECU
471,Gangotri Textiles Limited,GANGOTRI
472,Garden Silk Mills Limited,GARDENSILK
473,Garware Technical Fibres Limited,GARFIBRES
474,GATI Limited,GATI
475,Gayatri Highways Limited,GAYAHWS
476,Gayatri Projects Limited,GAYAPROJ
477,Gateway Distriparks Limited,GDL
478,GeeCee Ventures Limited,GEECEE
479,Genesys International Corporation Limited,GENESYS
480,Genus Paper & Boards Limited,GENUSPAPER
481,Genus Power Infrastructures Limited,GENUSPOWER
482,Geojit Financial Services Limited,GEOJITFSL
483,GE Power India Limited,GEPIL
484,The Great Eastern Shipping Company Limited,GESHIP
485,GE T&D India Limited,GET&D
486,GFL Limited,GFLLIMITED
487,GHCL Limited,GHCL
488,GIC Housing Finance Limited,GICHSGFIN
489,General Insurance Corporation of India,GICRE
490,Gillanders Arbuthnot & Company Limited,GILLANDERS
491,Gillette India Limited,GILLETTE
492,Ginni Filaments Limited,GINNIFILA
493,Gujarat Industries Power Company Limited,GIPCL
494,GI Engineering Solutions Limited,GISOLUTION
495,GKW Limited,GKWLIMITED
496,GlaxoSmithKline Pharmaceuticals Limited,GLAXO
497,Glenmark Pharmaceuticals Limited,GLENMARK
498,Gujarat Lease Financing Limited,GLFL
499,Global Vectra Helicorp Limited,GLOBALVECT
500,Global Offshore Services Limited,GLOBOFFS
501,Globus Spirits Limited,GLOBUSSPR
502,GM Breweries Limited,GMBREW
503,Gujarat Mineral Development Corporation Limited,GMDCLTD
504,GMM Pfaudler Limited,GMMPFAUDLR
505,GMR Infrastructure Limited,GMRINFRA
506,GNA Axles Limited,GNA
507,Gujarat Narmada Valley Fertilizers and Chemicals Limited,GNFC
508,Goa Carbon Limited,GOACARBON
509,GOCL Corporation Limited,GOCLCORP
510,Godfrey Phillips India Limited,GODFRYPHLP
511,Godrej Agrovet Limited,GODREJAGRO
512,Godrej Consumer Products Limited,GODREJCP
513,Godrej Industries Limited,GODREJIND
514,Godrej Properties Limited,GODREJPROP
515,Goenka Diamond and Jewels Limited,GOENKA
516,Gokaldas Exports Limited,GOKEX
517,Gokul Refoils and Solvent Limited,GOKUL
518,Gokul Agro Resources Limited,GOKULAGRO
519,Golden Tobacco Limited,GOLDENTOBC
520,Goldiam International Limited,GOLDIAM
521,Goldstone Technologies Limited,GOLDTECH
522,Goodluck India Limited,GOODLUCK
523,Godawari Power And Ispat limited,GPIL
524,Gujarat Pipavav Port Limited,GPPL
525,GPT Infraprojects Limited,GPTINFRA
526,Granules India Limited,GRANULES
527,Graphite India Limited,GRAPHITE
528,Grasim Industries Limited,GRASIM
529,Gravita India Limited,GRAVITA
530,Greaves Cotton Limited,GREAVESCOT
531,Greenlam Industries Limited,GREENLAM
532,Greenpanel Industries Limited,GREENPANEL
533,Greenply Industries Limited,GREENPLY
534,Orient Green Power Company Limited,GREENPOWER
535,Grindwell Norton Limited,GRINDWELL
536,The Grob Tea Company Limited,GROBTEA
537,GRP Limited,GRPLTD
538,Garden Reach Shipbuilders & Engineers Limited,GRSE
539,Gujarat Sidhee Cement Limited,GSCLCEMENT
540,Gujarat State Fertilizers & Chemicals Limited,GSFC
541,GlaxoSmithKline Consumer Healthcare Limited,GSKCONS
542,Gujarat State Petronet Limited,GSPL
543,GSS Infotech Limited,GSS
544,GTL Limited,GTL
545,GTL Infrastructure Limited,GTLINFRA
546,GTN Industries Limited,GTNIND
547,GTN Textiles Limited,GTNTEX
548,GTPL Hathway Limited,GTPL
549,Gufic Biosciences Limited,GUFICBIO
550,Gujarat Alkalies and Chemicals Limited,GUJALKALI
551,Gujarat Apollo Industries Limited,GUJAPOLLO
552,Gujarat Gas Limited,GUJGASLTD
553,Gujarat Raffia Industries Limited,GUJRAFFIA
554,Gulf Oil Lubricants India Limited,GULFOILLUB
555,GP Petroleums Limited,GULFPETRO
556,Gulshan Polyols Limited,GULPOLY
557,GVK Power & Infrastructure Limited,GVKPIL
558,Hindustan Aeronautics Limited,HAL
559,Harita Seating Systems Limited,HARITASEAT
560,Harrisons Malayalam  Limited,HARRMALAYA
561,Hathway Cable & Datacom Limited,HATHWAY
562,Hatsun Agro Product Limited,HATSUN
563,Havells India Limited,HAVELLS
564,Sri Havisha Hospitality and Infrastructure Limited,HAVISHA
565,HBL Power Systems Limited,HBLPOWER
566,HB Stockholdings Limited,HBSL
567,Hindustan Construction Company Limited,HCC
568,Healthcare Global Enterprises Limited,HCG
569,HCL Infosystems Limited,HCL-INSYS
570,HCL Technologies Limited,HCLTECH
571,Housing Development Finance Corporation Limited,HDFC
572,HDFC Asset Management Company Limited,HDFCAMC
573,HDFC Bank Limited,HDFCBANK
574,HDFC Life Insurance Company Limited,HDFCLIFE
575,Housing Development and Infrastructure Limited,HDIL
576,HEG Limited,HEG
577,HeidelbergCement India Limited,HEIDELBERG
578,Hercules Hoists Limited,HERCULES
579,Heritage Foods Limited,HERITGFOOD
580,Hero MotoCorp Limited,HEROMOTOCO
581,Hester Biosciences Limited,HESTERBIO
582,Hexa Tradex Limited,HEXATRADEX
583,Hexaware Technologies Limited,HEXAWARE
584,HFCL Limited,HFCL
585,H.G. Infra Engineering Limited,HGINFRA
586,Hinduja Global Solutions Limited,HGS
587,Hikal Limited,HIKAL
588,HIL Limited,HIL
589,Hilton Metal Forging Limited,HILTON
590,Himatsingka Seide Limited,HIMATSEIDE
591,Hindalco Industries Limited,HINDALCO
592,Hindustan Composites Limited,HINDCOMPOS
593,Hindustan Copper Limited,HINDCOPPER
594,Hindustan Motors Limited,HINDMOTORS
595,Hindusthan National Glass & Industries Limited,HINDNATGLS
596,Hindustan Oil Exploration Company Limited,HINDOILEXP
597,Hindustan Petroleum Corporation Limited,HINDPETRO
598,Hind Syntex Limited,HINDSYNTEX
599,Hindustan Unilever Limited,HINDUNILVR
600,Hindustan Zinc Limited,HINDZINC
601,Hind Rectifiers Limited,HIRECT
602,Hisar Metal Industries Limited,HISARMETAL
603,Hi-Tech Pipes Limited,HITECH
604,Hitech Corporation Limited,HITECHCORP
605,The Hi-Tech Gears Limited,HITECHGEAR
606,HMT Limited,HMT
607,Hindustan Media Ventures Limited,HMVL
608,Hindustan Foods Limited,HNDFDS
609,Honeywell Automation India Limited,HONAUT
610,Honda Siel Power Products Limited,HONDAPOWER
611,Hotel Leela Venture Limited,HOTELEELA
612,Hotel Rugby Limited,HOTELRUGBY
613,HOV Services Limited,HOVS
614,HPL Electric & Power Limited,HPL
615,Himadri Speciality Chemical Limited,HSCL
616,HSIL Limited,HSIL
617,HT Media Limited,HTMEDIA
618,Hubtown Limited,HUBTOWN
619,Housing & Urban Development Corporation Limited,HUDCO
620,Indiabulls Real Estate Limited,IBREALEST
621,Indiabulls Housing Finance Limited,IBULHSGFIN
622,Indiabulls Integrated Services Limited,IBULISL
623,Indiabulls Ventures Limited,IBVENTURES
624,ICICI Bank Limited,ICICIBANK
625,ICICI Lombard General Insurance Company Limited,ICICIGI
626,ICICI Prudential Life Insurance Company Limited,ICICIPRULI
627,Indo Count Industries Limited,ICIL
628,ICRA Limited,ICRA
629,IDBI Bank Limited,IDBI
630,Vodafone Idea Limited,IDEA
631,IDFC Limited,IDFC
632,IDFC First Bank Limited,IDFCFIRSTB
633,Indian Energy Exchange Limited,IEX
634,IFB Agro Industries Limited,IFBAGRO
635,IFB Industries Limited,IFBIND
636,IFCI Limited,IFCI
637,IFGL Refractories Limited,IFGLEXPOR
638,Igarashi Motors India Limited,IGARASHI
639,Indraprastha Gas Limited,IGL
640,IG Petrochemicals Limited,IGPL
641,IIFL Finance Limited,IIFL
642,IIFL Securities Limited,IIFLSEC
643,Iifl Wealth Management Limited,IIFLWAM
644,Industrial Investment Trust Limited,IITL
645,IL&FS Engineering and Construction Company Limited,IL&FSENGG
646,IL&FS Transportation Networks Limited,IL&FSTRANS
647,Indian Metals & Ferro Alloys Limited,IMFA
648,India Motor Parts and Accessories Limited,IMPAL
649,Impex Ferro Tech Limited,IMPEXFERRO
650,Indbank Merchant Banking Services Limited,INDBANK
651,The Indian Hotels Company Limited,INDHOTEL
652,The India Cements Limited,INDIACEM
653,India Glycols Limited,INDIAGLYCO
654,Indiamart Intermesh Limited,INDIAMART
655,Indian Bank,INDIANB
656,Indian Card Clothing Company Limited,INDIANCARD
657,Indian Hume Pipe Company Limited,INDIANHUME
658,InterGlobe Aviation Limited,INDIGO
659,IMP Powers Limited,INDLMETER
660,India Nippon Electricals Limited,INDNIPPON
661,Indoco Remedies Limited,INDOCO
662,Indo Rama Synthetics (India) Limited,INDORAMA
663,Indosolar Limited,INDOSOLAR
664,IndoStar Capital Finance Limited,INDOSTAR
665,Indo Tech Transformers Limited,INDOTECH
666,Indo Thai Securities Limited,INDOTHAI
667,Indowind Energy Limited,INDOWIND
668,Indraprastha Medical Corporation Limited,INDRAMEDCO
669,Ind-Swift Laboratories Limited,INDSWFTLAB
670,Ind-Swift Limited,INDSWFTLTD
671,Indian Terrain Fashions Limited,INDTERRAIN
672,IndusInd Bank Limited,INDUSINDBK
673,INEOS Styrolution India Limited,INEOSSTYRO
674,Infibeam Avenues Limited,INFIBEAM
675,InfoBeans Technologies Limited,INFOBEAN
676,Bharti Infratel Limited,INFRATEL
677,Infosys Limited,INFY
678,Ingersoll Rand (India) Limited,INGERRAND
679,INOX Leisure Limited,INOXLEISUR
680,Inox Wind Limited,INOXWIND
681,Insecticides (India) Limited,INSECTICID
682,Inspirisys Solutions Limited,INSPIRISYS
683,Integra Garments and Textiles Limited,INTEGRA
684,Intellect Design Arena Limited,INTELLECT
685,Intense Technologies Limited,INTENTECH
686,Inventure Growth & Securities Limited,INVENTURE
687,Indian Overseas Bank,IOB
688,Indian Oil Corporation Limited,IOC
689,IOL Chemicals and Pharmaceuticals Limited,IOLCP
690,International Paper APPM Limited,IPAPPM
691,IPCA Laboratories Limited,IPCALAB
692,IRB Infrastructure Developers Limited,IRB
693,Ircon International Limited,IRCON
694,Indian Railway Catering And Tourism Corporation Limited,IRCTC
695,ICICI Securities Limited,ISEC
696,Intrasoft Technologies Limited,ISFT
697,ISMT Limited,ISMTLTD
698,ITC Limited,ITC
699,India Tourism Development Corporation Limited,ITDC
700,ITD Cementation India Limited,ITDCEM
701,ITI Limited,ITI
702,IL&FS Investment Managers Limited,IVC
703,IVP Limited,IVP
704,IVRCL Limited,IVRCLINFRA
705,IZMO Limited,IZMO
706,The Jammu & Kashmir Bank Limited,J&KBANK
707,Jagran Prakashan Limited,JAGRAN
708,Jagsonpal Pharmaceuticals Limited,JAGSNPHARM
709,Jai Balaji Industries Limited,JAIBALAJI
710,Jai Corp Limited,JAICORPLTD
711,Jaihind Projects Limited,JAIHINDPRO
712,Jain Studios Limited,JAINSTUDIO
713,Jamna Auto Industries Limited,JAMNAAUTO
714,Jash Engineering Limited,JASH
715,Jayant Agro Organics Limited,JAYAGROGN
716,Jay Bharat Maruti Limited,JAYBARMARU
717,Jayaswal Neco Industries Limited,JAYNECOIND
718,Jayshree Tea & Industries Limited,JAYSREETEA
719,JB Chemicals & Pharmaceuticals Limited,JBCHEPHARM
720,JBF Industries Limited,JBFIND
721,JBM Auto Limited,JBMA
722,Johnson Controls – Hitachi Air Conditioning India Limited,JCHAC
723,Jet Airways (India) Limited,JETAIRWAYS
724,JHS Svendgaard Laboratories Limited,JHS
725,JIK Industries Limited,JIKIND
726,Jindal Photo Limited,JINDALPHOT
727,Jindal Poly Films Limited,JINDALPOLY
728,Jindal Saw Limited,JINDALSAW
729,Jindal Steel & Power Limited,JINDALSTEL
730,Jindal Cotex Limited,JINDCOT
731,Jindal Drilling And Industries Limited,JINDRILL
732,Jindal Worldwide Limited,JINDWORLD
733,Jain Irrigation Systems Limited,JISLDVREQS
734,Jain Irrigation Systems Limited,JISLJALEQS
735,JITF Infralogistics Limited,JITFINFRA
736,Jiya Eco-Products Limited,JIYAECO
737,JK Cement Limited,JKCEMENT
738,J.Kumar Infraprojects Limited,JKIL
739,JK Lakshmi Cement Limited,JKLAKSHMI
740,JK Paper Limited,JKPAPER
741,JK Tyre & Industries Limited,JKTYRE
742,Jullundur Motor Agency (Delhi) Limited,JMA
743,JMC Projects (India) Limited,JMCPROJECT
744,JM Financial Limited,JMFINANCIL
745,JMT Auto Limited,JMTAUTOLTD
746,Jocil Limited,JOCIL
747,Jaiprakash Associates Limited,JPASSOCIAT
748,Jaypee Infratech Limited,JPINFRATEC
749,Jindal Poly Investment and Finance Company Limited,JPOLYINVST
750,Jaiprakash Power Ventures Limited,JPPOWER
751,Jindal Stainless Limited,JSL
752,Jindal Stainless (Hisar) Limited,JSLHISAR
753,JSW Energy Limited,JSWENERGY
754,JSW Holdings Limited,JSWHL
755,JSW Steel Limited,JSWSTEEL
756,Jtekt India Limited,JTEKTINDIA
757,Jubilant Life Sciences Limited,JUBILANT
758,Jubilant Foodworks Limited,JUBLFOOD
759,Jubilant Industries Limited,JUBLINDS
760,Jump Networks Limited,JUMPNET
761,Just Dial Limited,JUSTDIAL
762,JVL Agro Industries Limited,JVLAGRO
763,Jyothy Labs Limited,JYOTHYLAB
764,Kabra Extrusion Technik Limited,KABRAEXTRU
765,Kajaria Ceramics Limited,KAJARIACER
766,Kakatiya Cement Sugar & Industries Limited,KAKATCEM
767,Kalpataru Power Transmission Limited,KALPATPOWR
768,Kalyani Commercials Limited,KALYANI
769,Kalyani Forge Limited,KALYANIFRG
770,Kamat Hotels (I) Limited,KAMATHOTEL
771,Kamdhenu Limited,KAMDHENU
772,Kanani Industries Limited,KANANIIND
773,Kanoria Chemicals & Industries Limited,KANORICHEM
774,Kansai Nerolac Paints Limited,KANSAINER
775,Karda Constructions Limited,KARDA
776,Karma Energy Limited,KARMAENG
777,Karur Vysya Bank Limited,KARURVYSYA
778,Kaushalya Infrastructure Development Corporation Limited,KAUSHALYA
779,Kavveri Telecom Products Limited,KAVVERITEL
780,Kaya Limited,KAYA
781,KCP Limited,KCP
782,KCP Sugar and Industries Corporation Limited,KCPSUGIND
783,KDDL Limited,KDDL
784,KEC International Limited,KEC
785,Kirloskar Electric Company Limited,KECL
786,KEI Industries Limited,KEI
787,Kellton Tech Solutions Limited,KELLTONTEC
788,Kennametal India Limited,KENNAMET
789,Kernex Microsystems (India) Limited,KERNEX
790,Kesar Enterprises Limited,KESARENT
791,Kesoram Industries Limited,KESORAMIND
792,Keynote Financial Services Limited,KEYFINSERV
793,Karuturi Global Limited,KGL
794,Khadim India Limited,KHADIM
795,Khaitan (India) Limited,KHAITANLTD
796,Khandwala Securities Limited,KHANDSE
797,Kalyani Investment Company Limited,KICL
798,Kilitch Drugs (India) Limited,KILITCH
799,Kingfa Science & Technology (India) Limited,KINGFA
800,KIOCL Limited,KIOCL
801,Kiri Industries Limited,KIRIINDUS
802,Kirloskar Brothers Limited,KIRLOSBROS
803,Kirloskar Oil Engines Limited,KIRLOSENG
804,Kirloskar Industries Limited,KIRLOSIND
805,Kitex Garments Limited,KITEX
806,Kewal Kiran Clothing Limited,KKCL
807,K.M.Sugar Mills Limited,KMSUGAR
808,KNR Constructions Limited,KNRCON
809,Kohinoor Foods Limited,KOHINOOR
810,Kokuyo Camlin Limited,KOKUYOCMLN
811,Kolte – Patil Developers Limited,KOLTEPATIL
812,Kopran Limited,KOPRAN
813,Kotak Mahindra Bank Limited,KOTAKBANK
814,Kothari Sugars And Chemicals Limited,KOTARISUG
815,Kothari Petrochemicals Limited,KOTHARIPET
816,Kothari Products Limited,KOTHARIPRO
817,KPIT Technologies Limited,KPITTECH
818,K.P.R. Mill Limited,KPRMILL
819,KRBL Limited,KRBL
820,Krebs Biochemicals and Industries Limited,KREBSBIO
821,Kridhan Infra Limited,KRIDHANINF
822,Krishana Phoschem Limited,KRISHANA
823,Ksb Limited,KSB
824,Kaveri Seed Company Limited,KSCL
825,KSS Limited,KSERASERA
826,KSK Energy Ventures Limited,KSK
827,Kalyani Steels Limited,KSL
828,Kesar Terminals & Infrastructure Limited,KTIL
829,The Karnataka Bank Limited,KTKBANK
830,Kuantum Papers Limited,KUANTUM
831,kwality limited,KWALITY
832,L&T Finance Holdings Limited,L&TFH
833,Lakshmi Precision Screws Limited,LAKPRE
834,Lakshmi Vilas Bank Limited,LAKSHVILAS
835,Dr. Lal Path Labs Ltd.,LALPATHLAB
836,Lambodhara Textiles Limited,LAMBODHARA
837,La Opala RG Limited,LAOPALA
838,Lasa Supergenerics Limited,LASA
839,Laurus Labs Limited,LAURUSLABS
840,Lakshmi Machine Works Limited,LAXMIMACH
841,Lemon Tree Hotels Limited,LEMONTREE
842,Lakshmi Finance & Industrial Corporation Limited,LFIC
843,LG Balakrishnan & Bros Limited,LGBBROSLTD
844,LGB Forge Limited,LGBFORGE
845,Libas Designs Limited,LIBAS
846,Libas Designs Limited,LIBAS
847,Liberty Shoes Limited,LIBERTSHOE
848,LIC Housing Finance Limited,LICHSGFIN
849,Lincoln Pharmaceuticals Limited,LINCOLN
850,Linc Pen & Plastics Limited,LINCPEN
851,Linde India Limited,LINDEINDIA
852,Lokesh Machines Limited,LOKESHMACH
853,Lotus Eye Hospital and Institute Limited,LOTUSEYE
854,Lovable Lingerie Limited,LOVABLE
855,Landmark Property Development Company Limited,LPDC
856,Lloyds Steels Industries Limited,LSIL
857,Larsen & Toubro Limited,LT
858,Larsen & Toubro Infotech Limited,LTI
859,L&T Technology Services Limited,LTTS
860,Lumax Industries Limited,LUMAXIND
861,Lumax Auto Technologies Limited,LUMAXTECH
862,Lupin Limited,LUPIN
863,Lux Industries Limited,LUXIND
864,Lyka Labs Limited,LYKALABS
865,Lypsa Gems & Jewellery Limited,LYPSAGEMS
866,Mahindra & Mahindra Limited,M&M
867,Mahindra & Mahindra Financial Services Limited,M&MFIN
868,Maan Aluminium Limited,MAANALU
869,Madhav Marbles and Granites Limited,MADHAV
870,Madhucon Projects Limited,MADHUCON
871,Madras Fertilizers Limited,MADRASFERT
872,Magadh Sugar & Energy Limited,MAGADSUGAR
873,Magma Fincorp Limited,MAGMA
874,Magnum Ventures Limited,MAGNUM
875,Bank of Maharashtra,MAHABANK
876,Maha Rashtra Apex Corporation Limited,MAHAPEXLTD
877,Mahamaya Steel Industries Limited,MAHASTEEL
878,Maheshwari Logistics Limited,MAHESHWARI
879,Mahindra CIE Automotive Limited,MAHINDCIE
880,Mahindra Lifespace Developers Limited,MAHLIFE
881,Mahindra Logistics Limited,MAHLOG
882,Maharashtra Scooters Limited,MAHSCOOTER
883,Maharashtra Seamless Limited,MAHSEAMLES
884,Maithan Alloys Limited,MAITHANALL
885,Majesco Limited,MAJESCO
886,Malu Paper Mills Limited,MALUPAPER
887,Manaksia Aluminium Company Limited,MANAKALUCO
888,Manaksia Coated Metals & Industries Limited,MANAKCOAT
889,Manaksia Limited,MANAKSIA
890,Manaksia Steels Limited,MANAKSTEEL
891,Manali Petrochemicals Limited,MANALIPETC
892,Manappuram Finance Limited,MANAPPURAM
893,Mangalam Drugs And Organics Limited,MANGALAM
894,Mangalore Chemicals & Fertilizers Limited,MANGCHEFER
895,Mangalam Cement Limited,MANGLMCEM
896,Mangalam Timber Products Limited,MANGTIMBER
897,Man Industries (India) Limited,MANINDS
898,Man Infraconstruction Limited,MANINFRA
899,Manpasand Beverages Limited,MANPASAND
900,Manugraph India Limited,MANUGRAPH
901,Maral Overseas Limited,MARALOVER
902,Marathon Nextgen Realty Limited,MARATHON
903,Marico Limited,MARICO
904,Marksans Pharma Limited,MARKSANS
905,Maruti Suzuki India Limited,MARUTI
906,MAS Financial Services Limited,MASFIN
907,Mask Investments Limited,MASKINVEST
908,Mastek Limited,MASTEK
909,Matrimony.Com Limited,MATRIMONY
910,Mawana Sugars Limited,MAWANASUG
911,Max India Limited,MAXINDIA
912,Max Ventures and Industries Limited,MAXVIL
913,Mayur Uniquoters Ltd,MAYURUNIQ
914,Mazda Limited,MAZDA
915,Madhya Bharat Agro Products Limited,MBAPL
916,Mcnally Bharat Engineering Company Limited,MBECL
917,MBL Infrastructures Limited,MBLINFRA
918,McDowell Holdings Limited,MCDHOLDING
919,United Spirits Limited,MCDOWELL-N
920,Mcleod Russel India Limited,MCLEODRUSS
921,Multi Commodity Exchange of India Limited,MCX
922,Megasoft Limited,MEGASOFT
923,Meghmani Organics Limited,MEGH
924,Melstar Information Technologies Limited,MELSTAR
925,Menon Bearings Limited,MENONBE
926,MEP Infrastructure Developers Limited,MEP
927,Mercator Limited,MERCATOR
928,Metalyst Forgings Limited,METALFORGE
929,Metkore Alloys & Industries Limited,METKORE
930,Metropolis Healthcare Limited,METROPOLIS
931,Max Financial Services Limited,MFSL
932,Mahanagar Gas Limited,MGL
933,Mahindra Holidays & Resorts India Limited,MHRIL
934,MIC Electronics Limited,MIC
935,Mishra Dhatu Nigam Limited,MIDHANI
936,Minda Corporation Limited,MINDACORP
937,Minda Industries Limited,MINDAIND
938,Mindteck (India) Limited,MINDTECK
939,MindTree Limited,MINDTREE
940,MIRC Electronics Limited,MIRCELECTR
941,Mirza International Limited,MIRZAINT
942,MM Forgings Limited,MMFL
943,MMTC Limited,MMTC
944,Modi Rubber Limited,MODIRUBBER
945,Mohit Industries Limited,MOHITIND
946,Mohota Industries Limited,MOHOTAIND
947,MOIL Limited,MOIL
948,Mold-Tek Technologies Limited,MOLDTECH
949,Mold-Tek Packaging Limited,MOLDTKPAC
950,Monte Carlo Fashions Limited,MONTECARLO
951,Morarjee Textiles Limited,MORARJEE
952,Morepen Laboratories Limited,MOREPENLAB
953,Motherson Sumi Systems Limited,MOTHERSUMI
954,Motilal Oswal Financial Services Limited,MOTILALOFS
955,The Motor & General Finance Limited,MOTOGENFIN
956,MphasiS Limited,MPHASIS
957,MPS Limited,MPSLTD
958,MRF Limited,MRF
959,MRO-TEK Realty Limited,MRO-TEK
960,Mangalore Refinery and Petrochemicals Limited,MRPL
961,MSP Steel & Power Limited,MSPL
962,Mstc Limited,MSTCLTD
963,MT Educare Limited,MTEDUCARE
964,Mahanagar Telephone Nigam Limited,MTNL
965,Mukand Engineers Limited,MUKANDENGG
966,Mukand Limited,MUKANDLTD
967,Mukta Arts Limited,MUKTAARTS
968,Munjal Auto Industries Limited,MUNJALAU
969,Munjal Showa Limited,MUNJALSHOW
970,Murudeshwar Ceramics Limited,MURUDCERA
971,Muthoot Capital Services Limited,MUTHOOTCAP
972,Muthoot Finance Limited,MUTHOOTFIN
973,MVL Limited,MVL
974,NACL Industries Limited,NACLIND
975,Nagarjuna Fertilizers and Chemicals Limited,NAGAFERT
976,Nagarjuna Oil Refinery Limited,NAGAROIL
977,Nagreeka Capital & Infrastructure Limited,NAGREEKCAP
978,Nagreeka Exports Limited,NAGREEKEXP
979,Nahar Capital and Financial Services Limited,NAHARCAP
980,Nahar Industrial Enterprises Limited,NAHARINDUS
981,Nahar Poly Films Limited,NAHARPOLY
982,Nahar Spinning Mills Limited,NAHARSPING
983,Natco Pharma Limited,NATCOPHARM
984,Nath Bio-Genes (India) Limited,NATHBIOGEN
985,National Aluminium Company Limited,NATIONALUM
986,National Steel And Agro Industries Limited,NATNLSTEEL
987,Info Edge (India) Limited,NAUKRI
988,Navin Fluorine International Limited,NAVINFLUOR
989,Navkar Corporation Limited,NAVKARCORP
990,Navneet Education Limited,NAVNETEDUL
991,NBCC (India) Limited,NBCC
992,N. B. I. Industrial Finance Company Limited,NBIFIN
993,Nava Bharat Ventures Limited,NBVENTURES
994,NCC Limited,NCC
995,NCL Industries Limited,NCLIND
996,Naga Dhunseri Group Limited,NDGL
997,Nandan Denim Limited,NDL
998,New Delhi Television Limited,NDTV
999,North Eastern Carrying Corporation Limited,NECCLTD
1000,Nectar Lifesciences Limited,NECLIFE
1001,Nelcast Limited,NELCAST
1002,NELCO Limited,NELCO
1003,Neogen Chemicals Limited,NEOGEN
1004,Nesco Limited,NESCO
1005,Nestle India Limited,NESTLEIND
1006,Network18 Media & Investments Limited,NETWORK18
1007,Neuland Laboratories Limited,NEULANDLAB
1008,Newgen Software Technologies Limited,NEWGEN
1009,Next Mediaworks Limited,NEXTMEDIA
1010,National Fertilizers Limited,NFL
1011,Narayana Hrudayalaya Ltd.,NH
1012,NHPC Limited,NHPC
1013,The New India Assurance Company Limited,NIACL
1014,NRB Industrial Bearings Limited,NIBL
1015,NIIT Limited,NIITLTD
1016,NIIT Technologies Limited,NIITTECH
1017,Nila Infrastructures Limited,NILAINFRA
1018,Nila Spaces Limited,NILASPACES
1019,Nilkamal Limited,NILKAMAL
1020,Indo-National Limited,NIPPOBATRY
1021,Niraj Ispat Industries Limited,NIRAJISPAT
1022,Nitco Limited,NITCO
1023,Nitin Fire Protection Industries Limited,NITINFIRE
1024,Nitin Spinners Limited,NITINSPIN
1025,NK Industries Limited,NKIND
1026,NLC India Limited,NLCINDIA
1027,NMDC Limited,NMDC
1028,NOCIL Limited,NOCIL
1029,Noida Toll Bridge Company Limited,NOIDATOLL
1030,Norben Tea & Exports Limited,NORBTEAEXP
1031,N R Agarwal Industries Limited,NRAIL
1032,NRB Bearing Limited,NRBBEARING
1033,Nalwa Sons Investments Limited,NSIL
1034,Neueon Towers Limited,NTL
1035,NTPC Limited,NTPC
1036,Nucleus Software Exports Limited,NUCLEUS
1037,NXTDIGITAL LIMITED,NXTDIGITAL
1038,Oriental Aromatics Limited,OAL
1039,Oberoi Realty Limited,OBEROIRLTY
1040,Oriental Carbon & Chemicals Limited,OCCL
1041,Oracle Financial Services Software Limited,OFSS
1042,Oil India Limited,OIL
1043,Oil Country Tubular Limited,OILCOUNTUB
1044,OCL Iron and Steel Limited,OISL
1045,Olectra Greentech Limited,OLECTRA
1046,Omax Autos Limited,OMAXAUTO
1047,Omaxe Limited,OMAXE
1048,Omkar Speciality Chemicals Limited,OMKARCHEM
1049,OM Metals Infraprojects Limited,OMMETALS
1050,Onelife Capital Advisors Limited,ONELIFECAP
1051,One Point One Solutions Limited,ONEPOINT
1052,Oil & Natural Gas Corporation Limited,ONGC
1053,OnMobile Global Limited,ONMOBILE
1054,Onward Technologies Limited,ONWARDTEC
1055,Optiemus Infracom Limited,OPTIEMUS
1056,Opto Circuits (India) Limited,OPTOCIRCUI
1057,Orbit Exports Limited,ORBTEXP
1058,Oricon Enterprises Limited,ORICONENT
1059,Orient Abrasives Limited,ORIENTABRA
1060,Oriental Trimex Limited,ORIENTALTL
1061,Oriental Bank of Commerce,ORIENTBANK
1062,Orient Bell Limited,ORIENTBELL
1063,Orient Cement Limited,ORIENTCEM
1064,Orient Electric Limited,ORIENTELEC
1065,Oriental Hotels Limited,ORIENTHOT
1066,Orient Press Limited,ORIENTLTD
1067,Orient Paper & Industries Limited,ORIENTPPR
1068,Orient Refractories Limited,ORIENTREF
1069,The Orissa Minerals Development Company Limited,ORISSAMINE
1070,Ortel Communications Limited,ORTEL
1071,Ortin Laboratories Limited,ORTINLABSS
1072,Oswal Agro Mills Limited,OSWALAGRO
1073,PAE Limited,PAEL
1074,Page Industries Limited,PAGEIND
1075,Paisalo Digital Limited,PAISALO
1076,Palash Securities Limited,PALASHSECU
1077,Palred Technologies Limited,PALREDTEC
1078,Panacea Biotec Limited,PANACEABIO
1079,Panama Petrochem Limited,PANAMAPET
1080,Huhtamaki PPL Limited,PAPERPROD
1081,Parabolic Drugs Limited,PARABDRUGS
1082,Paramount Communications Limited,PARACABLES
1083,Parag Milk Foods Limited,PARAGMILK
1084,Parsvnath Developers Limited,PARSVNATH
1085,Patel Engineering Limited,PATELENG
1086,Patel Integrated Logistics Limited,PATINTLOG
1087,Patspin India Limited,PATSPINLTD
1088,PC Jeweller Limited,PCJEWELLER
1089,Pudumjee Paper Products Limited,PDMJEPAPER
1090,Parenteral Drugs (India) Limited,PDPL
1091,PDS Multinational Fashions Limited,PDSMFL
1092,Pearl Polymers Limited,PEARLPOLY
1093,Piramal Enterprises Limited,PEL
1094,Pennar Industries Limited,PENIND
1095,Peninsula Land Limited,PENINLAND
1096,Persistent Systems Limited,PERSISTENT
1097,Petron Engineering Construction Limited,PETRONENGG
1098,Petronet LNG Limited,PETRONET
1099,Power Finance Corporation Limited,PFC
1100,Pfizer Limited,PFIZER
1101,Prime Focus Limited,PFOCUS
1102,PTC India Financial Services Limited,PFS
1103,PG Electroplast Limited,PGEL
1104,Procter & Gamble Hygiene and Health Care Limited,PGHH
1105,Procter & Gamble Health Limited,PGHL
1106,Pearl Global Industries Limited,PGIL
1107,Phillips Carbon Black Limited,PHILIPCARB
1108,The Phoenix Mills Limited,PHOENIXLTD
1109,Pidilite Industries Limited,PIDILITIND
1110,PI Industries Limited,PIIND
1111,Pilani Investment and Industries Corporation Limited,PILANIINVS
1112,PIL ITALICA LIFESTYLE LIMITED,PILITA
1113,Pioneer Distilleries Limited,PIONDIST
1114,Pioneer Embroideries Limited,PIONEEREMB
1115,Piramal Phytocare Limited,PIRPHYTO
1116,Pitti Engineering Limited,PITTIENG
1117,The Peria Karamalai Tea & Produce Company Limited,PKTEA
1118,Plastiblends India Limited,PLASTIBLEN
1119,Punjab National Bank,PNB
1120,PNB Gilts Limited,PNBGILTS
1121,PNB Housing Finance Limited,PNBHOUSING
1122,Pritish Nandy Communications Limited,PNC
1123,PNC Infratech Limited,PNCINFRA
1124,Poddar Housing and Development Limited,PODDARHOUS
1125,Poddar Pigments Limited,PODDARMENT
1126,Pokarna Limited,POKARNA
1127,Polycab India Limited,POLYCAB
1128,Poly Medicure Limited,POLYMED
1129,Polyplex Corporation Limited,POLYPLEX
1130,Ponni Sugars (Erode) Limited,PONNIERODE
1131,Power Grid Corporation of India Limited,POWERGRID
1132,Power Mech Projects Limited,POWERMECH
1133,PPAP Automotive Limited,PPAP
1134,Prakash Pipes Limited,PPL
1135,Prabhat Dairy Limited,PRABHAT
1136,Pradip Overseas Limited,PRADIP
1137,Prajay Engineers Syndicate Limited,PRAENG
1138,Praj Industries Limited,PRAJIND
1139,Prakash Industries Limited,PRAKASH
1140,Prakash Steelage Limited,PRAKASHSTL
1141,Praxis Home Retail Limited,PRAXIS
1142,Precision Camshafts Limited,PRECAM
1143,Precot Meridian Limited,PRECOT
1144,Precision Wires India Limited,PRECWIRE
1145,Premier Explosives Limited,PREMEXPLN
1146,Premier Limited,PREMIER
1147,Premier Polyfilm Limited,PREMIERPOL
1148,Pressman Advertising Limited,PRESSMN
1149,Prestige Estates Projects Limited,PRESTIGE
1150,Pricol Limited,PRICOLLTD
1151,Prime Securities Limited,PRIMESECU
1152,Proseed India Limited,PROSEED
1153,Provogue (India) Limited,PROVOGE
1154,Prozone Intu Properties Limited,PROZONINTU
1155,Prism Johnson Limited,PRSMJOHNSN
1156,Punjab & Sind Bank,PSB
1157,PSL Limited,PSL
1158,PSP Projects Limited,PSPPROJECT
1159,PTC India Limited,PTC
1160,PTL Enterprises Limited,PTL
1161,Punjab Chemicals & Crop Protection Limited,PUNJABCHEM
1162,Punj Lloyd Limited,PUNJLLOYD
1163,Puravankara Limited,PURVA
1164,PVR Limited,PVR
1165,Quess Corp Limited,QUESS
1166,Quick Heal Technologies Limited,QUICKHEAL
1167,Radaan Mediaworks India Limited,RADAAN
1168,Radico Khaitan Limited,RADICO
1169,Music Broadcast Limited,RADIOCITY
1170,Rain Industries Limited,RAIN
1171,Rajesh Exports Limited,RAJESHEXPO
1172,Raj Rayon Industries Limited,RAJRAYON
1173,Rajshree Sugars & Chemicals Limited,RAJSREESUG
1174,Raj Television Network Limited,RAJTV
1175,Rajvir Industries Limited,RAJVIR
1176,Rallis India Limited,RALLIS
1177,Shree Rama Newsprint Limited,RAMANEWS
1178,Rama Steel Tubes Limited,RAMASTEEL
1179,The Ramco Cements Limited,RAMCOCEM
1180,Ramco Industries Limited,RAMCOIND
1181,Ramco Systems Limited,RAMCOSYS
1182,Ramky Infrastructure Limited,RAMKY
1183,Ramsarup Industries Limited,RAMSARUP
1184,Rana Sugars Limited,RANASUG
1185,Rane Engine Valve Limited,RANEENGINE
1186,Rane Holdings Limited,RANEHOLDIN
1187,Ratnamani Metals & Tubes Limited,RATNAMANI
1188,Raymond Limited,RAYMOND
1189,Rane Brake Lining Limited,RBL
1190,RBL Bank Limited,RBLBANK
1191,Rashtriya Chemicals and Fertilizers Limited,RCF
1192,Reliance Communications Limited,RCOM
1193,REC Limited,RECLTD
1194,Redington (India) Limited,REDINGTON
1195,Refex Industries Limited,REFEX
1196,Regency Ceramics Limited,REGENCERAM
1197,Relaxo Footwears Limited,RELAXO
1198,Reliance Capital Limited,RELCAPITAL
1199,Reliance Industries Limited,RELIANCE
1200,Religare Enterprises Limited,RELIGARE
1201,Reliance Infrastructure Limited,RELINFRA
1202,Remsons Industries Limited,REMSONSIND
1203,Shree Renuka Sugars Limited,RENUKA
1204,Repco Home Finance Limited,REPCOHOME
1205,Repro India Limited,REPRO
1206,Responsive Industries Limited,RESPONIND
1207,Revathi Equipment Limited,REVATHI
1208,Renaissance Global Limited,RGL
1209,Reliance Home Finance Limited,RHFL
1210,Rico Auto Industries Limited,RICOAUTO
1211,Reliance Industrial Infrastructure Limited,RIIL
1212,RITES Limited,RITES
1213,Ravi Kumar Distilleries Limited,RKDL
1214,Ramkrishna Forgings Limited,RKFORGE
1215,Radha Madhav Corporation Limited,RMCL
1216,Rane (Madras) Limited,RML
1217,Reliance Nippon Life Asset Management Limited,RNAM
1218,Reliance Naval and Engineering Limited,RNAVAL
1219,Rohit Ferro-Tech Limited,ROHITFERRO
1220,Royal Orchid Hotels Limited,ROHLTD
1221,Rollatainers Limited,ROLLT
1222,Rolta India Limited,ROLTA
1223,Rossell India Limited,ROSSELLIND
1224,RPG Life Sciences Limited,RPGLIFE
1225,Reliance Power Limited,RPOWER
1226,R.P.P. Infra Projects Limited,RPPINFRA
1227,R. S. Software (India) Limited,RSSOFTWARE
1228,RSWM Limited,RSWM
1229,R Systems International Limited,RSYSTEMS
1230,RattanIndia Infrastructure Limited,RTNINFRA
1231,RattanIndia Power Limited,RTNPOWER
1232,The Ruby Mills Limited,RUBYMILLS
1233,Ruchi Infrastructure Limited,RUCHINFRA
1234,Ruchira Papers Limited,RUCHIRA
1235,Ruchi Soya Industries Limited,RUCHISOYA
1236,Rupa & Company Limited,RUPA
1237,Rushil Decor Limited,RUSHIL
1238,Rail Vikas Nigam Limited,RVNL
1239,Sab Events & Governance Now Media Limited,SABEVENTS
1240,Sri Adhikari Brothers Television Network Limited,SABTN
1241,Sadbhav Engineering Limited,SADBHAV
1242,Sadbhav Infrastructure Project Limited,SADBHIN
1243,Safari Industries (India) Limited,SAFARI
1244,Sagardeep Alloys Limited,SAGARDEEP
1245,Sagar Cements Limited,SAGCEM
1246,Steel Authority of India Limited,SAIL
1247,Sakar Healthcare Limited,SAKAR
1248,Sakthi Sugars Limited,SAKHTISUG
1249,Saksoft Limited,SAKSOFT
1250,Sakuma Exports Limited,SAKUMA
1251,Salasar Techno Engineering Limited,SALASAR
1252,Salona Cotspin Limited,SALONA
1253,S.A.L. Steel Limited,SALSTEEL
1254,Salzer Electronics Limited,SALZERELEC
1255,Sambhaav Media Limited,SAMBHAAV
1256,Sanco Industries Limited,SANCO
1257,The Sandesh Limited,SANDESH
1258,Sandhar Technologies Limited,SANDHAR
1259,Sangam (India) Limited,SANGAMIND
1260,Sanghi Industries Limited,SANGHIIND
1261,Sanghvi Forging and Engineering Limited,SANGHVIFOR
1262,Sanghvi Movers Limited,SANGHVIMOV
1263,Sanginita Chemicals Limited,SANGINITA
1264,Sanofi India Limited,SANOFI
1265,Sanwaria Consumer Limited,SANWARIA
1266,Sarda Energy & Minerals Limited,SARDAEN
1267,Saregama India Limited,SAREGAMA
1268,Sarla Performance Fibers Limited,SARLAPOLY
1269,Sasken Technologies Limited,SASKEN
1270,Sastasundar Ventures Limited,SASTASUNDR
1271,Sathavahana Ispat Limited,SATHAISPAT
1272,Satia Industries Limited,SATIA
1273,Satin Creditcare Network Limited,SATIN
1274,SBI Life Insurance Company Limited,SBILIFE
1275,State Bank of India,SBIN
1276,Stampede Capital Limited,SCAPDVR
1277,Schaeffler India Limited,SCHAEFFLER
1278,S Chand And Company Limited,SCHAND
1279,Schneider Electric Infrastructure Limited,SCHNEIDER
1280,Shipping Corporation Of India Limited,SCI
1281,Som Distilleries & Breweries Limited,SDBL
1282,Seamec Limited,SEAMECLTD
1283,Selan Exploration Technology Limited,SELAN
1284,SEL Manufacturing Company Limited,SELMCL
1285,S.E. Power Limited,SEPOWER
1286,Sequent Scientific Limited,SEQUENT
1287,Seshasayee Paper and Boards Limited,SESHAPAPER
1288,Setco Automotive Limited,SETCO
1289,Setubandhan Infrastructure Limited,SETUINFRA
1290,Seya Industries Limited,SEYAIND
1291,Sezal Glass Limited,SEZAL
1292,Sheela Foam Limited,SFL
1293,STL Global Limited,SGL
1294,Shah Alloys Limited,SHAHALLOYS
1295,Shakti Pumps (India) Limited,SHAKTIPUMP
1296,Shalby Limited,SHALBY
1297,Shalimar Paints Limited,SHALPAINTS
1298,Shankara Building Products Limited,SHANKARA
1299,Shanthi Gears Limited,SHANTIGEAR
1300,Sharda Cropchem Limited,SHARDACROP
1301,Sharda Motor Industries Limited,SHARDAMOTR
1302,Shemaroo Entertainment Limited,SHEMAROO
1303,Shilpa Medicare Limited,SHILPAMED
1304,Shirpur Gold Refinery Limited,SHIRPUR-G
1305,Shivam Autotech Limited,SHIVAMAUTO
1306,Shiva Mills Limited,SHIVAMILLS
1307,Shiva Texyarn Limited,SHIVATEX
1308,S H Kelkar and Company Limited,SHK
1309,Shoppers Stop Limited,SHOPERSTOP
1310,Shree Digvijay Cement Co.Ltd,SHREDIGCEM
1311,SHREE CEMENT LIMITED,SHREECEM
1312,Shree Pushkar Chemicals & Fertilisers Limited,SHREEPUSHK
1313,Shree Rama Multi-Tech Limited,SHREERAMA
1314,Shrenik Limited,SHRENIK
1315,Shreyans Industries Limited,SHREYANIND
1316,Shreyas Shipping & Logistics Limited,SHREYAS
1317,Shriram Pistons & Rings Limited,SHRIPISTON
1318,Shriram City Union Finance Limited,SHRIRAMCIT
1319,Shriram EPC Limited,SHRIRAMEPC
1320,Shyam Century Ferrous Limited,SHYAMCENT
1321,Shyam Telecom Limited,SHYAMTEL
1322,Sicagen India Limited,SICAGEN
1323,Sical Logistics Limited,SICAL
1324,Siemens Limited,SIEMENS
1325,Signet Industries Limited,SIGIND
1326,Standard Industries Limited,SIL
1327,SIL Investments Limited,SILINV
1328,Simbhaoli Sugars Limited,SIMBHALS
1329,Simplex Infrastructures Limited,SIMPLEXINF
1330,Sintex Industries Limited,SINTEX
1331,Sirca Paints India Limited,SIRCA
1332,Security and Intelligence Services (India) Limited,SIS
1333,Siti Networks Limited,SITINET
1334,Siyaram Silk Mills Limited,SIYSIL
1335,SJVN Limited,SJVN
1336,SKF India Limited,SKFINDIA
1337,SKIL Infrastructure Limited,SKIL
1338,Skipper Limited,SKIPPER
1339,SKM Egg Products Export (India) Limited,SKMEGGPROD
1340,Smartlink Holdings Limited,SMARTLINK
1341,SML Isuzu Limited,SMLISUZU
1342,Splendid Metal Products Limited,SMPL
1343,SMS Lifesciences India Limited,SMSLIFE
1344,SMS Pharmaceuticals Limited,SMSPHARMA
1345,Snowman Logistics Limited,SNOWMAN
1346,Sobha Limited,SOBHA
1347,Solara Active Pharma Sciences Limited,SOLARA
1348,Solar Industries India Limited,SOLARINDS
1349,Somany Ceramics Limited,SOMANYCERA
1350,Soma Textiles & Industries Limited,SOMATEX
1351,Somi Conveyor Beltings Limited,SOMICONVEY
1352,Sonata Software Limited,SONATSOFTW
1353,SORIL Infra Resources Limited,SORILINFRA
1354,Savita Oil Technologies Limited,SOTL
1355,The South Indian Bank Limited,SOUTHBANK
1356,South West Pinnacle Exploration Limited,SOUTHWEST
1357,S. P. Apparels Limited,SPAL
1358,Spandana Sphoorty Financial Limited,SPANDANA
1359,Sun Pharma Advanced Research Company Limited,SPARC
1360,Spacenet Enterprises India Limited,SPCENET
1361,Speciality Restaurants Limited,SPECIALITY
1362,Spencer’s Retail Limited,SPENCERS
1363,Spentex Industries Limited,SPENTEX
1364,Southern Petrochemicals Industries Corporation Limited,SPIC
1365,SPICEJET LTD,SPICEJET
1366,SPL Industries Limited,SPLIL
1367,SPML Infra Limited,SPMLINFRA
1368,Sintex Plastics Technology Limited,SPTL
1369,Shekhawati Poly-Yarn Limited,SPYL
1370,Sreeleathers Limited,SREEL
1371,SREI Infrastructure Finance Limited,SREINFRA
1372,SRF Limited,SRF
1373,Sree Rayalaseema Hi-Strength Hypo Limited,SRHHYPOLTD
1374,Srikalahasthi Pipes Limited,SRIPIPES
1375,Shriram Transport Finance Company Limited,SRTRANSFIN
1376,Steel Strips Wheels Limited,SSWL
1377,Stampede Capital Limited,STAMPEDE
1378,Strides Pharma Science Limited,STAR
1379,Star Cement Limited,STARCEMENT
1380,Star Paper Mills Limited,STARPAPER
1381,The State Trading Corporation of India Limited,STCINDIA
1382,Steel City Securities Limited,STEELCITY
1383,STEEL EXCHANGE INDIA LIMITED,STEELXIND
1384,Stel Holdings Limited,STEL
1385,Sterling Tools Limited,STERTOOLS
1386,STI India Limited,STINDIA
1387,Sterlite Technologies Limited,STRTECH
1388,International Constructions Limited,SUBCAPCITY
1389,Subex Limited,SUBEX
1390,Subros Limited,SUBROS
1391,Sudarshan Chemical Industries Limited,SUDARSCHEM
1392,Sujana Universal Industries Limited,SUJANAUNI
1393,Sumeet Industries Limited,SUMEETINDS
1394,Sumit Woods Limited,SUMIT
1395,Summit Securities Limited,SUMMITSEC
1396,Sundaram Clayton Limited,SUNCLAYLTD
1397,Sundaram Multi Pap Limited,SUNDARAM
1398,Sundaram Finance Limited,SUNDARMFIN
1399,Sundaram Finance Holdings Limited,SUNDARMHLD
1400,Sundaram Brake Linings Limited,SUNDRMBRAK
1401,Sundram Fasteners Limited,SUNDRMFAST
1402,Sunflag Iron And Steel Company Limited,SUNFLAG
1403,Sun Pharmaceutical Industries Limited,SUNPHARMA
1404,Sunteck Realty Limited,SUNTECK
1405,Sun TV Network Limited,SUNTV
1406,Superhouse Limited,SUPERHOUSE
1407,Super Spinning Mills Limited,SUPERSPIN
1408,Supreme Petrochem Limited,SUPPETRO
1409,Suprajit Engineering Limited,SUPRAJIT
1410,Supreme Industries Limited,SUPREMEIND
1411,Supreme Infrastructure India Limited,SUPREMEINF
1412,Surana Solar Limited,SURANASOL
1413,Surana Telecom and Power Limited,SURANAT&P
1414,Suryalakshmi Cotton Mills Limited,SURYALAXMI
1415,Surya Roshni Limited,SURYAROSNI
1416,Sutlej Textiles and Industries Limited,SUTLEJTEX
1417,Suven Life Sciences Limited,SUVEN
1418,Suzlon Energy Limited,SUZLON
1419,Swan Energy Limited,SWANENERGY
1420,Swaraj Engines Limited,SWARAJENG
1421,Swelect Energy Systems Limited,SWELECTES
1422,Sterling And Wilson Solar Limited,SWSOLAR
1423,Symphony Limited,SYMPHONY
1424,Syncom Healthcare Limited,SYNCOM
1425,Syndicate Bank,SYNDIBANK
1426,Syngene International Limited,SYNGENE
1427,Tainwala Chemical and Plastic (I) Limited,TAINWALCHM
1428,Taj GVK Hotels & Resorts Limited,TAJGVK
1429,Take Solutions Limited,TAKE
1430,Talbros Automotive Components Limited,TALBROAUTO
1431,Talwalkars Better Value Fitness Limited,TALWALKARS
1432,Talwalkars Healthclubs Limited,TALWGYM
1433,Tanla Solutions Limited,TANLA
1434,Tantia Constructions Limited,TANTIACONS
1435,Tarapur Transformers Limited,TARAPUR
1436,Tarmat Limited,TARMAT
1437,Tasty Bite Eatables Limited,TASTYBITE
1438,Tata Chemicals Limited,TATACHEM
1439,Tata Coffee Limited,TATACOFFEE
1440,Tata Communications Limited,TATACOMM
1441,Tata Elxsi Limited,TATAELXSI
1442,Tata Global Beverages Limited,TATAGLOBAL
1443,Tata Investment Corporation Limited,TATAINVEST
1444,Tata Metaliks Limited,TATAMETALI
1445,Tata Motors Limited,TATAMOTORS
1446,Tata Motors Limited,TATAMTRDVR
1447,Tata Power Company Limited,TATAPOWER
1448,Tata Steel Limited,TATASTEEL
1449,Tata Steel Bsl Limited,TATASTLBSL
1450,Tata Steel Long Products Limited,TATASTLLP
1451,Tribhovandas Bhimji Zaveri Limited,TBZ
1452,Transport Corporation of India Limited,TCI
1453,TCI Developers Limited,TCIDEVELOP
1454,TCI Express Limited,TCIEXP
1455,TCI Finance Limited,TCIFINANCE
1456,TCNS Clothing Co. Limited,TCNSBRANDS
1457,TCPL Packaging Limited,TCPLPACK
1458,Tata Consultancy Services Limited,TCS
1459,TD Power Systems Limited,TDPOWERSYS
1460,Teamlease Services Limited,TEAMLEASE
1461,Techindia Nirman Limited,TECHIN
1462,Tech Mahindra Limited,TECHM
1463,Techno Electric & Engineering Company Limited,TECHNOE
1464,Technofab Engineering Limited,TECHNOFAB
1465,Tejas Networks Limited,TEJASNET
1466,Tera Software Limited,TERASOFT
1467,Texmaco Infrastructure & Holdings Limited,TEXINFRA
1468,Texmo Pipes and Products Limited,TEXMOPIPES
1469,Texmaco Rail & Engineering Limited,TEXRAIL
1470,Texmaco Rail & Engineering Limited,TEXRAIL
1471,Tourism Finance Corporation of India Limited,TFCILTD
1472,Transwarranty Finance Limited,TFL
1473,TGB Banquets And Hotels Limited,TGBHOTELS
1474,TGB Banquets And Hotels Limited,TGBHOTELS
1475,Thangamayil Jewellery Limited,THANGAMAYL
1476,The Investment Trust Of India Limited,THEINVEST
1477,Themis Medicare Limited,THEMISMED
1478,Thermax Limited,THERMAX
1479,Thiru Arooran Sugars Limited,THIRUSUGAR
1480,Thomas Cook (India) Limited,THOMASCOOK
1481,Thomas Scott (India) Limited,THOMASCOTT
1482,Thyrocare Technologies Limited,THYROCARE
1483,Tilaknagar Industries Limited,TI
1484,Tide Water Oil Company (India) Limited,TIDEWATER
1485,Technocraft Industries (India) Limited,TIIL
1486,Tube Investments of India Limited,TIINDIA
1487,Tijaria Polypipes Limited,TIJARIA
1488,TIL Limited,TIL
1489,Times Guaranty Limited,TIMESGTY
1490,Time Technoplast Limited,TIMETECHNO
1491,Timken India Limited,TIMKEN
1492,The Tinplate Company of India Limited,TINPLATE
1493,TIPS Industries Limited,TIPSINDLTD
1494,Thirumalai Chemicals Limited,TIRUMALCHM
1495,Titan Company Limited,TITAN
1496,The Mandhana Retail Ventures Limited,TMRVL
1497,Tamilnadu PetroProducts Limited,TNPETRO
1498,Tamil Nadu Newsprint & Papers Limited,TNPL
1499,Tamilnadu Telecommunication Limited,TNTELE
1500,Tokyo Plast International Limited,TOKYOPLAST
1501,Torrent Pharmaceuticals Limited,TORNTPHARM
1502,Torrent Power Limited,TORNTPOWER
1503,TPL Plastech Limited,TPLPLASTEH
1504,Tree House Education & Accessories Limited,TREEHOUSE
1505,TREJHARA SOLUTIONS LIMITED,TREJHARA
1506,Trent Limited,TRENT
1507,TRF Limited,TRF
1508,Trident Limited,TRIDENT
1509,Trigyn Technologies Limited,TRIGYN
1510,Transformers And Rectifiers (India) Limited,TRIL
1511,Triveni Turbine Limited,TRITURBINE
1512,Triveni Engineering & Industries Limited,TRIVENI
1513,TTK Healthcare Limited,TTKHLTCARE
1514,TTK Prestige Limited,TTKPRESTIG
1515,T T Limited,TTL
1516,Tata Teleservices (Maharashtra) Limited,TTML
1517,TV18 Broadcast Limited,TV18BRDCST
1518,TVS Electronics Limited,TVSELECT
1519,TVS Motor Company Limited,TVSMOTOR
1520,TVS Srichakra Limited,TVSSRICHAK
1521,TV Today Network Limited,TVTODAY
1522,TV Vision Limited,TVVISION
1523,Titagarh Wagons Limited,TWL
1524,United Breweries Limited,UBL
1525,Ucal Fuel Systems Limited,UCALFUEL
1526,UCO Bank,UCOBANK
1527,UFLEX Limited,UFLEX
1528,UFO Moviez India Limited,UFO
1529,The Ugar Sugar Works Limited,UGARSUGAR
1530,Ujaas Energy Limited,UJAAS
1531,Ujjivan Financial Services Limited,UJJIVAN
1532,UltraTech Cement Limited,ULTRACEMCO
1533,Umang Dairies Limited,UMANGDAIRY
1534,Usha Martin Education & Solutions Limited,UMESLTD
1535,Unichem Laboratories Limited,UNICHEMLAB
1536,Uniphos Enterprises Limited,UNIENTER
1537,Union Bank of India,UNIONBANK
1538,Uniply Industries Limited,UNIPLY
1539,Unitech Limited,UNITECH
1540,United Bank of India,UNITEDBNK
1541,The United Nilgiri Tea Estates Company Limited,UNITEDTEA
1542,Unity Infraprojects Limited,UNITY
1543,Universal Cables Limited,UNIVCABLES
1544,UPL Limited,UPL
1545,Urja Global Limited,URJA
1546,Usha Martin Limited,USHAMART
1547,Uttam Galva Steels Limited,UTTAMSTL
1548,Uttam Sugar Mills Limited,UTTAMSUGAR
1549,Uttam Value Steels Limited,UVSL
1550,V2 Retail Limited,V2RETAIL
1551,Vadilal Industries Limited,VADILALIND
1552,Vaibhav Global Limited,VAIBHAVGBL
1553,Vakrangee Limited,VAKRANGEE
1554,Vardhman Acrylics Limited,VARDHACRLC
1555,Vardhman Polytex Limited,VARDMNPOLY
1556,Varroc Engineering Limited,VARROC
1557,Vascon Engineers Limited,VASCONEQ
1558,Vaswani Industries Limited,VASWANI
1559,Varun Beverages Limited,VBL
1560,Vedanta Limited,VEDL
1561,Venky’s (India) Limited,VENKEYS
1562,Venus Remedies Limited,VENUSREM
1563,Vesuvius India Limited,VESUVIUS
1564,Veto Switchgears And Cables Limited,VETO
1565,V-Guard Industries Limited,VGUARD
1566,Vardhman Holdings Limited,VHL
1567,Viceroy Hotels Limited,VICEROY
1568,Videocon Industries Limited,VIDEOIND
1569,Vidhi Specialty Food Ingredients Limited,VIDHIING
1570,Viji Finance Limited,VIJIFIN
1571,Vikas EcoTech Limited,VIKASECO
1572,Vikas Multicorp Limited,VIKASMCORP
1573,Vikas Proppant & Granite Limited,VIKASPROP
1574,Vikas WSP Limited,VIKASWSP
1575,Vimal Oil & Foods Limited,VIMALOIL
1576,Vimta Labs Limited,VIMTALABS
1577,Vinati Organics Limited,VINATIORGA
1578,Vindhya Telelinks Limited,VINDHYATEL
1579,Vinyl Chemicals (India) Limited,VINYLINDIA
1580,VIP Clothing Limited,VIPCLOTHNG
1581,VIP Industries Limited,VIPIND
1582,Vipul Limited,VIPULLTD
1583,Visaka Industries Limited,VISAKAIND
1584,Visa Steel Limited,VISASTEEL
1585,Visesh Infotecnics Limited,VISESHINFO
1586,Vishal Fabrics Limited,VISHAL
1587,Vishnu Chemicals Limited,VISHNU
1588,Vishwaraj Sugar Industries Limited,VISHWARAJ
1589,Visagar Polytex Limited,VIVIDHA
1590,Vivimed Labs Limited,VIVIMEDLAB
1591,VLS Finance Limited,VLSFINANCE
1592,V-Mart Retail Limited,VMART
1593,Voltamp Transformers Limited,VOLTAMP
1594,Voltas Limited,VOLTAS
1595,VRL Logistics Limited,VRLLOG
1596,Vardhman Special Steels Limited,VSSL
1597,VST Industries Limited,VSTIND
1598,V.S.T Tillers Tractors Limited,VSTTILLERS
1599,Vardhman Textiles Limited,VTL
1600,VA Tech Wabag Limited,WABAG
1601,WABCO India Limited,WABCOINDIA
1602,Walchandnagar Industries Limited,WALCHANNAG
1603,Wanbury Limited,WANBURY
1604,Waterbase Limited,WATERBASE
1605,Websol Energy System Limited,WEBELSOLAR
1606,Weizmann Forex Limited,WEIZFOREX
1607,Weizmann Limited,WEIZMANIND
1608,Welspun Corp Limited,WELCORP
1609,Welspun Enterprises Limited,WELENT
1610,Welspun Investments and Commercials Limited,WELINV
1611,Welspun India Limited,WELSPUNIND
1612,Wendt (India) Limited,WENDT
1613,Westlife Development Ltd,WESTLIFE
1614,Wheels India Limited,WHEELS
1615,Whirlpool of India Limited,WHIRLPOOL
1616,Williamson Magor & Company Limited,WILLAMAGOR
1617,Windsor Machines Limited,WINDMACHIN
1618,Winsome Yarns Limited,WINSOME
1619,The Western India Plywoods Limited,WIPL
1620,Wipro Limited,WIPRO
1621,Wockhardt Limited,WOCKPHARMA
1622,Wonderla Holidays Limited,WONDERLA
1623,W S Industries (I) Limited,WSI
1624,West Coast Paper Mills Limited,WSTCSTPAPR
1625,Xchanging Solutions Limited,XCHANGING
1626,Xelpmoc Design And Tech Limited,XELPMOC
1627,XL Energy Limited,XLENERGY
1628,Xpro India Limited,XPROINDIA
1629,Yes Bank Limited,YESBANK
1630,Zee Entertainment Enterprises Limited,ZEEL
1631,Zee Learn Limited,ZEELEARN
1632,Zee Media Corporation Limited,ZEEMEDIA
1633,Zenith Birla (India) Limited,ZENITHBIR
1634,Zenith Exports Limited,ZENITHEXPO
1635,Zensar Technologies Limited,ZENSARTECH
1636,Zen Technologies Limited,ZENTEC
1637,Zicom Electronic Security Systems Limited,ZICOM
1638,Zodiac Clothing Company Limited,ZODIACLOTH
1639,Zodiac JRD- MKJ Limited,ZODJRDMKJ
1640,Zota Health Care LImited,ZOTA
1641,Zuari Agro Chemicals Limited,ZUARI
1642,Zuari Global Limited,ZUARIGLOB
1643,Zydus Wellness Limited,ZYDUSWELL
